DateKey,Day,Month,MonthAlias,Month No,CalendarQuarter,Year,CalendarSemester
20190101,Tuesday,January,Jan,1,1,2019,1
20190102,Wednesday,January,Jan,1,1,2019,1
20190103,Thursday,January,Jan,1,1,2019,1
20190104,Friday,January,Jan,1,1,2019,1
20190105,Saturday,January,Jan,1,1,2019,1
20190106,Sunday,January,Jan,1,1,2019,1
20190107,Monday,January,Jan,1,1,2019,1
20190108,Tuesday,January,Jan,1,1,2019,1
20190109,Wednesday,January,Jan,1,1,2019,1
20190110,Thursday,January,Jan,1,1,2019,1
20190111,Friday,January,Jan,1,1,2019,1
20190112,Saturday,January,Jan,1,1,2019,1
20190113,Sunday,January,Jan,1,1,2019,1
20190114,Monday,January,Jan,1,1,2019,1
20190115,Tuesday,January,Jan,1,1,2019,1
20190116,Wednesday,January,Jan,1,1,2019,1
20190117,Thursday,January,Jan,1,1,2019,1
20190118,Friday,January,Jan,1,1,2019,1
20190119,Saturday,January,Jan,1,1,2019,1
20190120,Sunday,January,Jan,1,1,2019,1
20190121,Monday,January,Jan,1,1,2019,1
20190122,Tuesday,January,Jan,1,1,2019,1
20190123,Wednesday,January,Jan,1,1,2019,1
20190124,Thursday,January,Jan,1,1,2019,1
20190125,Friday,January,Jan,1,1,2019,1
20190126,Saturday,January,Jan,1,1,2019,1
20190127,Sunday,January,Jan,1,1,2019,1
20190128,Monday,January,Jan,1,1,2019,1
20190129,Tuesday,January,Jan,1,1,2019,1
20190130,Wednesday,January,Jan,1,1,2019,1
20190131,Thursday,January,Jan,1,1,2019,1
20190201,Friday,February,Feb,2,1,2019,1
20190202,Saturday,February,Feb,2,1,2019,1
20190203,Sunday,February,Feb,2,1,2019,1
20190204,Monday,February,Feb,2,1,2019,1
20190205,Tuesday,February,Feb,2,1,2019,1
20190206,Wednesday,February,Feb,2,1,2019,1
20190207,Thursday,February,Feb,2,1,2019,1
20190208,Friday,February,Feb,2,1,2019,1
20190209,Saturday,February,Feb,2,1,2019,1
20190210,Sunday,February,Feb,2,1,2019,1
20190211,Monday,February,Feb,2,1,2019,1
20190212,Tuesday,February,Feb,2,1,2019,1
20190213,Wednesday,February,Feb,2,1,2019,1
20190214,Thursday,February,Feb,2,1,2019,1
20190215,Friday,February,Feb,2,1,2019,1
20190216,Saturday,February,Feb,2,1,2019,1
20190217,Sunday,February,Feb,2,1,2019,1
20190218,Monday,February,Feb,2,1,2019,1
20190219,Tuesday,February,Feb,2,1,2019,1
20190220,Wednesday,February,Feb,2,1,2019,1
20190221,Thursday,February,Feb,2,1,2019,1
20190222,Friday,February,Feb,2,1,2019,1
20190223,Saturday,February,Feb,2,1,2019,1
20190224,Sunday,February,Feb,2,1,2019,1
20190225,Monday,February,Feb,2,1,2019,1
20190226,Tuesday,February,Feb,2,1,2019,1
20190227,Wednesday,February,Feb,2,1,2019,1
20190228,Thursday,February,Feb,2,1,2019,1
20190301,Friday,March,Mar,3,1,2019,1
20190302,Saturday,March,Mar,3,1,2019,1
20190303,Sunday,March,Mar,3,1,2019,1
20190304,Monday,March,Mar,3,1,2019,1
20190305,Tuesday,March,Mar,3,1,2019,1
20190306,Wednesday,March,Mar,3,1,2019,1
20190307,Thursday,March,Mar,3,1,2019,1
20190308,Friday,March,Mar,3,1,2019,1
20190309,Saturday,March,Mar,3,1,2019,1
20190310,Sunday,March,Mar,3,1,2019,1
20190311,Monday,March,Mar,3,1,2019,1
20190312,Tuesday,March,Mar,3,1,2019,1
20190313,Wednesday,March,Mar,3,1,2019,1
20190314,Thursday,March,Mar,3,1,2019,1
20190315,Friday,March,Mar,3,1,2019,1
20190316,Saturday,March,Mar,3,1,2019,1
20190317,Sunday,March,Mar,3,1,2019,1
20190318,Monday,March,Mar,3,1,2019,1
20190319,Tuesday,March,Mar,3,1,2019,1
20190320,Wednesday,March,Mar,3,1,2019,1
20190321,Thursday,March,Mar,3,1,2019,1
20190322,Friday,March,Mar,3,1,2019,1
20190323,Saturday,March,Mar,3,1,2019,1
20190324,Sunday,March,Mar,3,1,2019,1
20190325,Monday,March,Mar,3,1,2019,1
20190326,Tuesday,March,Mar,3,1,2019,1
20190327,Wednesday,March,Mar,3,1,2019,1
20190328,Thursday,March,Mar,3,1,2019,1
20190329,Friday,March,Mar,3,1,2019,1
20190330,Saturday,March,Mar,3,1,2019,1
20190331,Sunday,March,Mar,3,1,2019,1
20190401,Monday,April,Apr,4,2,2019,1
20190402,Tuesday,April,Apr,4,2,2019,1
20190403,Wednesday,April,Apr,4,2,2019,1
20190404,Thursday,April,Apr,4,2,2019,1
20190405,Friday,April,Apr,4,2,2019,1
20190406,Saturday,April,Apr,4,2,2019,1
20190407,Sunday,April,Apr,4,2,2019,1
20190408,Monday,April,Apr,4,2,2019,1
20190409,Tuesday,April,Apr,4,2,2019,1
20190410,Wednesday,April,Apr,4,2,2019,1
20190411,Thursday,April,Apr,4,2,2019,1
20190412,Friday,April,Apr,4,2,2019,1
20190413,Saturday,April,Apr,4,2,2019,1
20190414,Sunday,April,Apr,4,2,2019,1
20190415,Monday,April,Apr,4,2,2019,1
20190416,Tuesday,April,Apr,4,2,2019,1
20190417,Wednesday,April,Apr,4,2,2019,1
20190418,Thursday,April,Apr,4,2,2019,1
20190419,Friday,April,Apr,4,2,2019,1
20190420,Saturday,April,Apr,4,2,2019,1
20190421,Sunday,April,Apr,4,2,2019,1
20190422,Monday,April,Apr,4,2,2019,1
20190423,Tuesday,April,Apr,4,2,2019,1
20190424,Wednesday,April,Apr,4,2,2019,1
20190425,Thursday,April,Apr,4,2,2019,1
20190426,Friday,April,Apr,4,2,2019,1
20190427,Saturday,April,Apr,4,2,2019,1
20190428,Sunday,April,Apr,4,2,2019,1
20190429,Monday,April,Apr,4,2,2019,1
20190430,Tuesday,April,Apr,4,2,2019,1
20190501,Wednesday,May,May,5,2,2019,1
20190502,Thursday,May,May,5,2,2019,1
20190503,Friday,May,May,5,2,2019,1
20190504,Saturday,May,May,5,2,2019,1
20190505,Sunday,May,May,5,2,2019,1
20190506,Monday,May,May,5,2,2019,1
20190507,Tuesday,May,May,5,2,2019,1
20190508,Wednesday,May,May,5,2,2019,1
20190509,Thursday,May,May,5,2,2019,1
20190510,Friday,May,May,5,2,2019,1
20190511,Saturday,May,May,5,2,2019,1
20190512,Sunday,May,May,5,2,2019,1
20190513,Monday,May,May,5,2,2019,1
20190514,Tuesday,May,May,5,2,2019,1
20190515,Wednesday,May,May,5,2,2019,1
20190516,Thursday,May,May,5,2,2019,1
20190517,Friday,May,May,5,2,2019,1
20190518,Saturday,May,May,5,2,2019,1
20190519,Sunday,May,May,5,2,2019,1
20190520,Monday,May,May,5,2,2019,1
20190521,Tuesday,May,May,5,2,2019,1
20190522,Wednesday,May,May,5,2,2019,1
20190523,Thursday,May,May,5,2,2019,1
20190524,Friday,May,May,5,2,2019,1
20190525,Saturday,May,May,5,2,2019,1
20190526,Sunday,May,May,5,2,2019,1
20190527,Monday,May,May,5,2,2019,1
20190528,Tuesday,May,May,5,2,2019,1
20190529,Wednesday,May,May,5,2,2019,1
20190530,Thursday,May,May,5,2,2019,1
20190531,Friday,May,May,5,2,2019,1
20190601,Saturday,June,Jun,6,2,2019,1
20190602,Sunday,June,Jun,6,2,2019,1
20190603,Monday,June,Jun,6,2,2019,1
20190604,Tuesday,June,Jun,6,2,2019,1
20190605,Wednesday,June,Jun,6,2,2019,1
20190606,Thursday,June,Jun,6,2,2019,1
20190607,Friday,June,Jun,6,2,2019,1
20190608,Saturday,June,Jun,6,2,2019,1
20190609,Sunday,June,Jun,6,2,2019,1
20190610,Monday,June,Jun,6,2,2019,1
20190611,Tuesday,June,Jun,6,2,2019,1
20190612,Wednesday,June,Jun,6,2,2019,1
20190613,Thursday,June,Jun,6,2,2019,1
20190614,Friday,June,Jun,6,2,2019,1
20190615,Saturday,June,Jun,6,2,2019,1
20190616,Sunday,June,Jun,6,2,2019,1
20190617,Monday,June,Jun,6,2,2019,1
20190618,Tuesday,June,Jun,6,2,2019,1
20190619,Wednesday,June,Jun,6,2,2019,1
20190620,Thursday,June,Jun,6,2,2019,1
20190621,Friday,June,Jun,6,2,2019,1
20190622,Saturday,June,Jun,6,2,2019,1
20190623,Sunday,June,Jun,6,2,2019,1
20190624,Monday,June,Jun,6,2,2019,1
20190625,Tuesday,June,Jun,6,2,2019,1
20190626,Wednesday,June,Jun,6,2,2019,1
20190627,Thursday,June,Jun,6,2,2019,1
20190628,Friday,June,Jun,6,2,2019,1
20190629,Saturday,June,Jun,6,2,2019,1
20190630,Sunday,June,Jun,6,2,2019,1
20190701,Monday,July,Jul,7,3,2019,2
20190702,Tuesday,July,Jul,7,3,2019,2
20190703,Wednesday,July,Jul,7,3,2019,2
20190704,Thursday,July,Jul,7,3,2019,2
20190705,Friday,July,Jul,7,3,2019,2
20190706,Saturday,July,Jul,7,3,2019,2
20190707,Sunday,July,Jul,7,3,2019,2
20190708,Monday,July,Jul,7,3,2019,2
20190709,Tuesday,July,Jul,7,3,2019,2
20190710,Wednesday,July,Jul,7,3,2019,2
20190711,Thursday,July,Jul,7,3,2019,2
20190712,Friday,July,Jul,7,3,2019,2
20190713,Saturday,July,Jul,7,3,2019,2
20190714,Sunday,July,Jul,7,3,2019,2
20190715,Monday,July,Jul,7,3,2019,2
20190716,Tuesday,July,Jul,7,3,2019,2
20190717,Wednesday,July,Jul,7,3,2019,2
20190718,Thursday,July,Jul,7,3,2019,2
20190719,Friday,July,Jul,7,3,2019,2
20190720,Saturday,July,Jul,7,3,2019,2
20190721,Sunday,July,Jul,7,3,2019,2
20190722,Monday,July,Jul,7,3,2019,2
20190723,Tuesday,July,Jul,7,3,2019,2
20190724,Wednesday,July,Jul,7,3,2019,2
20190725,Thursday,July,Jul,7,3,2019,2
20190726,Friday,July,Jul,7,3,2019,2
20190727,Saturday,July,Jul,7,3,2019,2
20190728,Sunday,July,Jul,7,3,2019,2
20190729,Monday,July,Jul,7,3,2019,2
20190730,Tuesday,July,Jul,7,3,2019,2
20190731,Wednesday,July,Jul,7,3,2019,2
20190801,Thursday,August,Aug,8,3,2019,2
20190802,Friday,August,Aug,8,3,2019,2
20190803,Saturday,August,Aug,8,3,2019,2
20190804,Sunday,August,Aug,8,3,2019,2
20190805,Monday,August,Aug,8,3,2019,2
20190806,Tuesday,August,Aug,8,3,2019,2
20190807,Wednesday,August,Aug,8,3,2019,2
20190808,Thursday,August,Aug,8,3,2019,2
20190809,Friday,August,Aug,8,3,2019,2
20190810,Saturday,August,Aug,8,3,2019,2
20190811,Sunday,August,Aug,8,3,2019,2
20190812,Monday,August,Aug,8,3,2019,2
20190813,Tuesday,August,Aug,8,3,2019,2
20190814,Wednesday,August,Aug,8,3,2019,2
20190815,Thursday,August,Aug,8,3,2019,2
20190816,Friday,August,Aug,8,3,2019,2
20190817,Saturday,August,Aug,8,3,2019,2
20190818,Sunday,August,Aug,8,3,2019,2
20190819,Monday,August,Aug,8,3,2019,2
20190820,Tuesday,August,Aug,8,3,2019,2
20190821,Wednesday,August,Aug,8,3,2019,2
20190822,Thursday,August,Aug,8,3,2019,2
20190823,Friday,August,Aug,8,3,2019,2
20190824,Saturday,August,Aug,8,3,2019,2
20190825,Sunday,August,Aug,8,3,2019,2
20190826,Monday,August,Aug,8,3,2019,2
20190827,Tuesday,August,Aug,8,3,2019,2
20190828,Wednesday,August,Aug,8,3,2019,2
20190829,Thursday,August,Aug,8,3,2019,2
20190830,Friday,August,Aug,8,3,2019,2
20190831,Saturday,August,Aug,8,3,2019,2
20190901,Sunday,September,Sep,9,3,2019,2
20190902,Monday,September,Sep,9,3,2019,2
20190903,Tuesday,September,Sep,9,3,2019,2
20190904,Wednesday,September,Sep,9,3,2019,2
20190905,Thursday,September,Sep,9,3,2019,2
20190906,Friday,September,Sep,9,3,2019,2
20190907,Saturday,September,Sep,9,3,2019,2
20190908,Sunday,September,Sep,9,3,2019,2
20190909,Monday,September,Sep,9,3,2019,2
20190910,Tuesday,September,Sep,9,3,2019,2
20190911,Wednesday,September,Sep,9,3,2019,2
20190912,Thursday,September,Sep,9,3,2019,2
20190913,Friday,September,Sep,9,3,2019,2
20190914,Saturday,September,Sep,9,3,2019,2
20190915,Sunday,September,Sep,9,3,2019,2
20190916,Monday,September,Sep,9,3,2019,2
20190917,Tuesday,September,Sep,9,3,2019,2
20190918,Wednesday,September,Sep,9,3,2019,2
20190919,Thursday,September,Sep,9,3,2019,2
20190920,Friday,September,Sep,9,3,2019,2
20190921,Saturday,September,Sep,9,3,2019,2
20190922,Sunday,September,Sep,9,3,2019,2
20190923,Monday,September,Sep,9,3,2019,2
20190924,Tuesday,September,Sep,9,3,2019,2
20190925,Wednesday,September,Sep,9,3,2019,2
20190926,Thursday,September,Sep,9,3,2019,2
20190927,Friday,September,Sep,9,3,2019,2
20190928,Saturday,September,Sep,9,3,2019,2
20190929,Sunday,September,Sep,9,3,2019,2
20190930,Monday,September,Sep,9,3,2019,2
20191001,Tuesday,October,Oct,10,4,2019,2
20191002,Wednesday,October,Oct,10,4,2019,2
20191003,Thursday,October,Oct,10,4,2019,2
20191004,Friday,October,Oct,10,4,2019,2
20191005,Saturday,October,Oct,10,4,2019,2
20191006,Sunday,October,Oct,10,4,2019,2
20191007,Monday,October,Oct,10,4,2019,2
20191008,Tuesday,October,Oct,10,4,2019,2
20191009,Wednesday,October,Oct,10,4,2019,2
20191010,Thursday,October,Oct,10,4,2019,2
20191011,Friday,October,Oct,10,4,2019,2
20191012,Saturday,October,Oct,10,4,2019,2
20191013,Sunday,October,Oct,10,4,2019,2
20191014,Monday,October,Oct,10,4,2019,2
20191015,Tuesday,October,Oct,10,4,2019,2
20191016,Wednesday,October,Oct,10,4,2019,2
20191017,Thursday,October,Oct,10,4,2019,2
20191018,Friday,October,Oct,10,4,2019,2
20191019,Saturday,October,Oct,10,4,2019,2
20191020,Sunday,October,Oct,10,4,2019,2
20191021,Monday,October,Oct,10,4,2019,2
20191022,Tuesday,October,Oct,10,4,2019,2
20191023,Wednesday,October,Oct,10,4,2019,2
20191024,Thursday,October,Oct,10,4,2019,2
20191025,Friday,October,Oct,10,4,2019,2
20191026,Saturday,October,Oct,10,4,2019,2
20191027,Sunday,October,Oct,10,4,2019,2
20191028,Monday,October,Oct,10,4,2019,2
20191029,Tuesday,October,Oct,10,4,2019,2
20191030,Wednesday,October,Oct,10,4,2019,2
20191031,Thursday,October,Oct,10,4,2019,2
20191101,Friday,November,Nov,11,4,2019,2
20191102,Saturday,November,Nov,11,4,2019,2
20191103,Sunday,November,Nov,11,4,2019,2
20191104,Monday,November,Nov,11,4,2019,2
20191105,Tuesday,November,Nov,11,4,2019,2
20191106,Wednesday,November,Nov,11,4,2019,2
20191107,Thursday,November,Nov,11,4,2019,2
20191108,Friday,November,Nov,11,4,2019,2
20191109,Saturday,November,Nov,11,4,2019,2
20191110,Sunday,November,Nov,11,4,2019,2
20191111,Monday,November,Nov,11,4,2019,2
20191112,Tuesday,November,Nov,11,4,2019,2
20191113,Wednesday,November,Nov,11,4,2019,2
20191114,Thursday,November,Nov,11,4,2019,2
20191115,Friday,November,Nov,11,4,2019,2
20191116,Saturday,November,Nov,11,4,2019,2
20191117,Sunday,November,Nov,11,4,2019,2
20191118,Monday,November,Nov,11,4,2019,2
20191119,Tuesday,November,Nov,11,4,2019,2
20191120,Wednesday,November,Nov,11,4,2019,2
20191121,Thursday,November,Nov,11,4,2019,2
20191122,Friday,November,Nov,11,4,2019,2
20191123,Saturday,November,Nov,11,4,2019,2
20191124,Sunday,November,Nov,11,4,2019,2
20191125,Monday,November,Nov,11,4,2019,2
20191126,Tuesday,November,Nov,11,4,2019,2
20191127,Wednesday,November,Nov,11,4,2019,2
20191128,Thursday,November,Nov,11,4,2019,2
20191129,Friday,November,Nov,11,4,2019,2
20191130,Saturday,November,Nov,11,4,2019,2
20191201,Sunday,December,Dec,12,4,2019,2
20191202,Monday,December,Dec,12,4,2019,2
20191203,Tuesday,December,Dec,12,4,2019,2
20191204,Wednesday,December,Dec,12,4,2019,2
20191205,Thursday,December,Dec,12,4,2019,2
20191206,Friday,December,Dec,12,4,2019,2
20191207,Saturday,December,Dec,12,4,2019,2
20191208,Sunday,December,Dec,12,4,2019,2
20191209,Monday,December,Dec,12,4,2019,2
20191210,Tuesday,December,Dec,12,4,2019,2
20191211,Wednesday,December,Dec,12,4,2019,2
20191212,Thursday,December,Dec,12,4,2019,2
20191213,Friday,December,Dec,12,4,2019,2
20191214,Saturday,December,Dec,12,4,2019,2
20191215,Sunday,December,Dec,12,4,2019,2
20191216,Monday,December,Dec,12,4,2019,2
20191217,Tuesday,December,Dec,12,4,2019,2
20191218,Wednesday,December,Dec,12,4,2019,2
20191219,Thursday,December,Dec,12,4,2019,2
20191220,Friday,December,Dec,12,4,2019,2
20191221,Saturday,December,Dec,12,4,2019,2
20191222,Sunday,December,Dec,12,4,2019,2
20191223,Monday,December,Dec,12,4,2019,2
20191224,Tuesday,December,Dec,12,4,2019,2
20191225,Wednesday,December,Dec,12,4,2019,2
20191226,Thursday,December,Dec,12,4,2019,2
20191227,Friday,December,Dec,12,4,2019,2
20191228,Saturday,December,Dec,12,4,2019,2
20191229,Sunday,December,Dec,12,4,2019,2
20191230,Monday,December,Dec,12,4,2019,2
20191231,Tuesday,December,Dec,12,4,2019,2
20200101,Wednesday,January,Jan,1,1,2020,1
20200102,Thursday,January,Jan,1,1,2020,1
20200103,Friday,January,Jan,1,1,2020,1
20200104,Saturday,January,Jan,1,1,2020,1
20200105,Sunday,January,Jan,1,1,2020,1
20200106,Monday,January,Jan,1,1,2020,1
20200107,Tuesday,January,Jan,1,1,2020,1
20200108,Wednesday,January,Jan,1,1,2020,1
20200109,Thursday,January,Jan,1,1,2020,1
20200110,Friday,January,Jan,1,1,2020,1
20200111,Saturday,January,Jan,1,1,2020,1
20200112,Sunday,January,Jan,1,1,2020,1
20200113,Monday,January,Jan,1,1,2020,1
20200114,Tuesday,January,Jan,1,1,2020,1
20200115,Wednesday,January,Jan,1,1,2020,1
20200116,Thursday,January,Jan,1,1,2020,1
20200117,Friday,January,Jan,1,1,2020,1
20200118,Saturday,January,Jan,1,1,2020,1
20200119,Sunday,January,Jan,1,1,2020,1
20200120,Monday,January,Jan,1,1,2020,1
20200121,Tuesday,January,Jan,1,1,2020,1
20200122,Wednesday,January,Jan,1,1,2020,1
20200123,Thursday,January,Jan,1,1,2020,1
20200124,Friday,January,Jan,1,1,2020,1
20200125,Saturday,January,Jan,1,1,2020,1
20200126,Sunday,January,Jan,1,1,2020,1
20200127,Monday,January,Jan,1,1,2020,1
20200128,Tuesday,January,Jan,1,1,2020,1
20200129,Wednesday,January,Jan,1,1,2020,1
20200130,Thursday,January,Jan,1,1,2020,1
20200131,Friday,January,Jan,1,1,2020,1
20200201,Saturday,February,Feb,2,1,2020,1
20200202,Sunday,February,Feb,2,1,2020,1
20200203,Monday,February,Feb,2,1,2020,1
20200204,Tuesday,February,Feb,2,1,2020,1
20200205,Wednesday,February,Feb,2,1,2020,1
20200206,Thursday,February,Feb,2,1,2020,1
20200207,Friday,February,Feb,2,1,2020,1
20200208,Saturday,February,Feb,2,1,2020,1
20200209,Sunday,February,Feb,2,1,2020,1
20200210,Monday,February,Feb,2,1,2020,1
20200211,Tuesday,February,Feb,2,1,2020,1
20200212,Wednesday,February,Feb,2,1,2020,1
20200213,Thursday,February,Feb,2,1,2020,1
20200214,Friday,February,Feb,2,1,2020,1
20200215,Saturday,February,Feb,2,1,2020,1
20200216,Sunday,February,Feb,2,1,2020,1
20200217,Monday,February,Feb,2,1,2020,1
20200218,Tuesday,February,Feb,2,1,2020,1
20200219,Wednesday,February,Feb,2,1,2020,1
20200220,Thursday,February,Feb,2,1,2020,1
20200221,Friday,February,Feb,2,1,2020,1
20200222,Saturday,February,Feb,2,1,2020,1
20200223,Sunday,February,Feb,2,1,2020,1
20200224,Monday,February,Feb,2,1,2020,1
20200225,Tuesday,February,Feb,2,1,2020,1
20200226,Wednesday,February,Feb,2,1,2020,1
20200227,Thursday,February,Feb,2,1,2020,1
20200228,Friday,February,Feb,2,1,2020,1
20200229,Saturday,February,Feb,2,1,2020,1
20200301,Sunday,March,Mar,3,1,2020,1
20200302,Monday,March,Mar,3,1,2020,1
20200303,Tuesday,March,Mar,3,1,2020,1
20200304,Wednesday,March,Mar,3,1,2020,1
20200305,Thursday,March,Mar,3,1,2020,1
20200306,Friday,March,Mar,3,1,2020,1
20200307,Saturday,March,Mar,3,1,2020,1
20200308,Sunday,March,Mar,3,1,2020,1
20200309,Monday,March,Mar,3,1,2020,1
20200310,Tuesday,March,Mar,3,1,2020,1
20200311,Wednesday,March,Mar,3,1,2020,1
20200312,Thursday,March,Mar,3,1,2020,1
20200313,Friday,March,Mar,3,1,2020,1
20200314,Saturday,March,Mar,3,1,2020,1
20200315,Sunday,March,Mar,3,1,2020,1
20200316,Monday,March,Mar,3,1,2020,1
20200317,Tuesday,March,Mar,3,1,2020,1
20200318,Wednesday,March,Mar,3,1,2020,1
20200319,Thursday,March,Mar,3,1,2020,1
20200320,Friday,March,Mar,3,1,2020,1
20200321,Saturday,March,Mar,3,1,2020,1
20200322,Sunday,March,Mar,3,1,2020,1
20200323,Monday,March,Mar,3,1,2020,1
20200324,Tuesday,March,Mar,3,1,2020,1
20200325,Wednesday,March,Mar,3,1,2020,1
20200326,Thursday,March,Mar,3,1,2020,1
20200327,Friday,March,Mar,3,1,2020,1
20200328,Saturday,March,Mar,3,1,2020,1
20200329,Sunday,March,Mar,3,1,2020,1
20200330,Monday,March,Mar,3,1,2020,1
20200331,Tuesday,March,Mar,3,1,2020,1
20200401,Wednesday,April,Apr,4,2,2020,1
20200402,Thursday,April,Apr,4,2,2020,1
20200403,Friday,April,Apr,4,2,2020,1
20200404,Saturday,April,Apr,4,2,2020,1
20200405,Sunday,April,Apr,4,2,2020,1
20200406,Monday,April,Apr,4,2,2020,1
20200407,Tuesday,April,Apr,4,2,2020,1
20200408,Wednesday,April,Apr,4,2,2020,1
20200409,Thursday,April,Apr,4,2,2020,1
20200410,Friday,April,Apr,4,2,2020,1
20200411,Saturday,April,Apr,4,2,2020,1
20200412,Sunday,April,Apr,4,2,2020,1
20200413,Monday,April,Apr,4,2,2020,1
20200414,Tuesday,April,Apr,4,2,2020,1
20200415,Wednesday,April,Apr,4,2,2020,1
20200416,Thursday,April,Apr,4,2,2020,1
20200417,Friday,April,Apr,4,2,2020,1
20200418,Saturday,April,Apr,4,2,2020,1
20200419,Sunday,April,Apr,4,2,2020,1
20200420,Monday,April,Apr,4,2,2020,1
20200421,Tuesday,April,Apr,4,2,2020,1
20200422,Wednesday,April,Apr,4,2,2020,1
20200423,Thursday,April,Apr,4,2,2020,1
20200424,Friday,April,Apr,4,2,2020,1
20200425,Saturday,April,Apr,4,2,2020,1
20200426,Sunday,April,Apr,4,2,2020,1
20200427,Monday,April,Apr,4,2,2020,1
20200428,Tuesday,April,Apr,4,2,2020,1
20200429,Wednesday,April,Apr,4,2,2020,1
20200430,Thursday,April,Apr,4,2,2020,1
20200501,Friday,May,May,5,2,2020,1
20200502,Saturday,May,May,5,2,2020,1
20200503,Sunday,May,May,5,2,2020,1
20200504,Monday,May,May,5,2,2020,1
20200505,Tuesday,May,May,5,2,2020,1
20200506,Wednesday,May,May,5,2,2020,1
20200507,Thursday,May,May,5,2,2020,1
20200508,Friday,May,May,5,2,2020,1
20200509,Saturday,May,May,5,2,2020,1
20200510,Sunday,May,May,5,2,2020,1
20200511,Monday,May,May,5,2,2020,1
20200512,Tuesday,May,May,5,2,2020,1
20200513,Wednesday,May,May,5,2,2020,1
20200514,Thursday,May,May,5,2,2020,1
20200515,Friday,May,May,5,2,2020,1
20200516,Saturday,May,May,5,2,2020,1
20200517,Sunday,May,May,5,2,2020,1
20200518,Monday,May,May,5,2,2020,1
20200519,Tuesday,May,May,5,2,2020,1
20200520,Wednesday,May,May,5,2,2020,1
20200521,Thursday,May,May,5,2,2020,1
20200522,Friday,May,May,5,2,2020,1
20200523,Saturday,May,May,5,2,2020,1
20200524,Sunday,May,May,5,2,2020,1
20200525,Monday,May,May,5,2,2020,1
20200526,Tuesday,May,May,5,2,2020,1
20200527,Wednesday,May,May,5,2,2020,1
20200528,Thursday,May,May,5,2,2020,1
20200529,Friday,May,May,5,2,2020,1
20200530,Saturday,May,May,5,2,2020,1
20200531,Sunday,May,May,5,2,2020,1
20200601,Monday,June,Jun,6,2,2020,1
20200602,Tuesday,June,Jun,6,2,2020,1
20200603,Wednesday,June,Jun,6,2,2020,1
20200604,Thursday,June,Jun,6,2,2020,1
20200605,Friday,June,Jun,6,2,2020,1
20200606,Saturday,June,Jun,6,2,2020,1
20200607,Sunday,June,Jun,6,2,2020,1
20200608,Monday,June,Jun,6,2,2020,1
20200609,Tuesday,June,Jun,6,2,2020,1
20200610,Wednesday,June,Jun,6,2,2020,1
20200611,Thursday,June,Jun,6,2,2020,1
20200612,Friday,June,Jun,6,2,2020,1
20200613,Saturday,June,Jun,6,2,2020,1
20200614,Sunday,June,Jun,6,2,2020,1
20200615,Monday,June,Jun,6,2,2020,1
20200616,Tuesday,June,Jun,6,2,2020,1
20200617,Wednesday,June,Jun,6,2,2020,1
20200618,Thursday,June,Jun,6,2,2020,1
20200619,Friday,June,Jun,6,2,2020,1
20200620,Saturday,June,Jun,6,2,2020,1
20200621,Sunday,June,Jun,6,2,2020,1
20200622,Monday,June,Jun,6,2,2020,1
20200623,Tuesday,June,Jun,6,2,2020,1
20200624,Wednesday,June,Jun,6,2,2020,1
20200625,Thursday,June,Jun,6,2,2020,1
20200626,Friday,June,Jun,6,2,2020,1
20200627,Saturday,June,Jun,6,2,2020,1
20200628,Sunday,June,Jun,6,2,2020,1
20200629,Monday,June,Jun,6,2,2020,1
20200630,Tuesday,June,Jun,6,2,2020,1
20200701,Wednesday,July,Jul,7,3,2020,2
20200702,Thursday,July,Jul,7,3,2020,2
20200703,Friday,July,Jul,7,3,2020,2
20200704,Saturday,July,Jul,7,3,2020,2
20200705,Sunday,July,Jul,7,3,2020,2
20200706,Monday,July,Jul,7,3,2020,2
20200707,Tuesday,July,Jul,7,3,2020,2
20200708,Wednesday,July,Jul,7,3,2020,2
20200709,Thursday,July,Jul,7,3,2020,2
20200710,Friday,July,Jul,7,3,2020,2
20200711,Saturday,July,Jul,7,3,2020,2
20200712,Sunday,July,Jul,7,3,2020,2
20200713,Monday,July,Jul,7,3,2020,2
20200714,Tuesday,July,Jul,7,3,2020,2
20200715,Wednesday,July,Jul,7,3,2020,2
20200716,Thursday,July,Jul,7,3,2020,2
20200717,Friday,July,Jul,7,3,2020,2
20200718,Saturday,July,Jul,7,3,2020,2
20200719,Sunday,July,Jul,7,3,2020,2
20200720,Monday,July,Jul,7,3,2020,2
20200721,Tuesday,July,Jul,7,3,2020,2
20200722,Wednesday,July,Jul,7,3,2020,2
20200723,Thursday,July,Jul,7,3,2020,2
20200724,Friday,July,Jul,7,3,2020,2
20200725,Saturday,July,Jul,7,3,2020,2
20200726,Sunday,July,Jul,7,3,2020,2
20200727,Monday,July,Jul,7,3,2020,2
20200728,Tuesday,July,Jul,7,3,2020,2
20200729,Wednesday,July,Jul,7,3,2020,2
20200730,Thursday,July,Jul,7,3,2020,2
20200731,Friday,July,Jul,7,3,2020,2
20200801,Saturday,August,Aug,8,3,2020,2
20200802,Sunday,August,Aug,8,3,2020,2
20200803,Monday,August,Aug,8,3,2020,2
20200804,Tuesday,August,Aug,8,3,2020,2
20200805,Wednesday,August,Aug,8,3,2020,2
20200806,Thursday,August,Aug,8,3,2020,2
20200807,Friday,August,Aug,8,3,2020,2
20200808,Saturday,August,Aug,8,3,2020,2
20200809,Sunday,August,Aug,8,3,2020,2
20200810,Monday,August,Aug,8,3,2020,2
20200811,Tuesday,August,Aug,8,3,2020,2
20200812,Wednesday,August,Aug,8,3,2020,2
20200813,Thursday,August,Aug,8,3,2020,2
20200814,Friday,August,Aug,8,3,2020,2
20200815,Saturday,August,Aug,8,3,2020,2
20200816,Sunday,August,Aug,8,3,2020,2
20200817,Monday,August,Aug,8,3,2020,2
20200818,Tuesday,August,Aug,8,3,2020,2
20200819,Wednesday,August,Aug,8,3,2020,2
20200820,Thursday,August,Aug,8,3,2020,2
20200821,Friday,August,Aug,8,3,2020,2
20200822,Saturday,August,Aug,8,3,2020,2
20200823,Sunday,August,Aug,8,3,2020,2
20200824,Monday,August,Aug,8,3,2020,2
20200825,Tuesday,August,Aug,8,3,2020,2
20200826,Wednesday,August,Aug,8,3,2020,2
20200827,Thursday,August,Aug,8,3,2020,2
20200828,Friday,August,Aug,8,3,2020,2
20200829,Saturday,August,Aug,8,3,2020,2
20200830,Sunday,August,Aug,8,3,2020,2
20200831,Monday,August,Aug,8,3,2020,2
20200901,Tuesday,September,Sep,9,3,2020,2
20200902,Wednesday,September,Sep,9,3,2020,2
20200903,Thursday,September,Sep,9,3,2020,2
20200904,Friday,September,Sep,9,3,2020,2
20200905,Saturday,September,Sep,9,3,2020,2
20200906,Sunday,September,Sep,9,3,2020,2
20200907,Monday,September,Sep,9,3,2020,2
20200908,Tuesday,September,Sep,9,3,2020,2
20200909,Wednesday,September,Sep,9,3,2020,2
20200910,Thursday,September,Sep,9,3,2020,2
20200911,Friday,September,Sep,9,3,2020,2
20200912,Saturday,September,Sep,9,3,2020,2
20200913,Sunday,September,Sep,9,3,2020,2
20200914,Monday,September,Sep,9,3,2020,2
20200915,Tuesday,September,Sep,9,3,2020,2
20200916,Wednesday,September,Sep,9,3,2020,2
20200917,Thursday,September,Sep,9,3,2020,2
20200918,Friday,September,Sep,9,3,2020,2
20200919,Saturday,September,Sep,9,3,2020,2
20200920,Sunday,September,Sep,9,3,2020,2
20200921,Monday,September,Sep,9,3,2020,2
20200922,Tuesday,September,Sep,9,3,2020,2
20200923,Wednesday,September,Sep,9,3,2020,2
20200924,Thursday,September,Sep,9,3,2020,2
20200925,Friday,September,Sep,9,3,2020,2
20200926,Saturday,September,Sep,9,3,2020,2
20200927,Sunday,September,Sep,9,3,2020,2
20200928,Monday,September,Sep,9,3,2020,2
20200929,Tuesday,September,Sep,9,3,2020,2
20200930,Wednesday,September,Sep,9,3,2020,2
20201001,Thursday,October,Oct,10,4,2020,2
20201002,Friday,October,Oct,10,4,2020,2
20201003,Saturday,October,Oct,10,4,2020,2
20201004,Sunday,October,Oct,10,4,2020,2
20201005,Monday,October,Oct,10,4,2020,2
20201006,Tuesday,October,Oct,10,4,2020,2
20201007,Wednesday,October,Oct,10,4,2020,2
20201008,Thursday,October,Oct,10,4,2020,2
20201009,Friday,October,Oct,10,4,2020,2
20201010,Saturday,October,Oct,10,4,2020,2
20201011,Sunday,October,Oct,10,4,2020,2
20201012,Monday,October,Oct,10,4,2020,2
20201013,Tuesday,October,Oct,10,4,2020,2
20201014,Wednesday,October,Oct,10,4,2020,2
20201015,Thursday,October,Oct,10,4,2020,2
20201016,Friday,October,Oct,10,4,2020,2
20201017,Saturday,October,Oct,10,4,2020,2
20201018,Sunday,October,Oct,10,4,2020,2
20201019,Monday,October,Oct,10,4,2020,2
20201020,Tuesday,October,Oct,10,4,2020,2
20201021,Wednesday,October,Oct,10,4,2020,2
20201022,Thursday,October,Oct,10,4,2020,2
20201023,Friday,October,Oct,10,4,2020,2
20201024,Saturday,October,Oct,10,4,2020,2
20201025,Sunday,October,Oct,10,4,2020,2
20201026,Monday,October,Oct,10,4,2020,2
20201027,Tuesday,October,Oct,10,4,2020,2
20201028,Wednesday,October,Oct,10,4,2020,2
20201029,Thursday,October,Oct,10,4,2020,2
20201030,Friday,October,Oct,10,4,2020,2
20201031,Saturday,October,Oct,10,4,2020,2
20201101,Sunday,November,Nov,11,4,2020,2
20201102,Monday,November,Nov,11,4,2020,2
20201103,Tuesday,November,Nov,11,4,2020,2
20201104,Wednesday,November,Nov,11,4,2020,2
20201105,Thursday,November,Nov,11,4,2020,2
20201106,Friday,November,Nov,11,4,2020,2
20201107,Saturday,November,Nov,11,4,2020,2
20201108,Sunday,November,Nov,11,4,2020,2
20201109,Monday,November,Nov,11,4,2020,2
20201110,Tuesday,November,Nov,11,4,2020,2
20201111,Wednesday,November,Nov,11,4,2020,2
20201112,Thursday,November,Nov,11,4,2020,2
20201113,Friday,November,Nov,11,4,2020,2
20201114,Saturday,November,Nov,11,4,2020,2
20201115,Sunday,November,Nov,11,4,2020,2
20201116,Monday,November,Nov,11,4,2020,2
20201117,Tuesday,November,Nov,11,4,2020,2
20201118,Wednesday,November,Nov,11,4,2020,2
20201119,Thursday,November,Nov,11,4,2020,2
20201120,Friday,November,Nov,11,4,2020,2
20201121,Saturday,November,Nov,11,4,2020,2
20201122,Sunday,November,Nov,11,4,2020,2
20201123,Monday,November,Nov,11,4,2020,2
20201124,Tuesday,November,Nov,11,4,2020,2
20201125,Wednesday,November,Nov,11,4,2020,2
20201126,Thursday,November,Nov,11,4,2020,2
20201127,Friday,November,Nov,11,4,2020,2
20201128,Saturday,November,Nov,11,4,2020,2
20201129,Sunday,November,Nov,11,4,2020,2
20201130,Monday,November,Nov,11,4,2020,2
20201201,Tuesday,December,Dec,12,4,2020,2
20201202,Wednesday,December,Dec,12,4,2020,2
20201203,Thursday,December,Dec,12,4,2020,2
20201204,Friday,December,Dec,12,4,2020,2
20201205,Saturday,December,Dec,12,4,2020,2
20201206,Sunday,December,Dec,12,4,2020,2
20201207,Monday,December,Dec,12,4,2020,2
20201208,Tuesday,December,Dec,12,4,2020,2
20201209,Wednesday,December,Dec,12,4,2020,2
20201210,Thursday,December,Dec,12,4,2020,2
20201211,Friday,December,Dec,12,4,2020,2
20201212,Saturday,December,Dec,12,4,2020,2
20201213,Sunday,December,Dec,12,4,2020,2
20201214,Monday,December,Dec,12,4,2020,2
20201215,Tuesday,December,Dec,12,4,2020,2
20201216,Wednesday,December,Dec,12,4,2020,2
20201217,Thursday,December,Dec,12,4,2020,2
20201218,Friday,December,Dec,12,4,2020,2
20201219,Saturday,December,Dec,12,4,2020,2
20201220,Sunday,December,Dec,12,4,2020,2
20201221,Monday,December,Dec,12,4,2020,2
20201222,Tuesday,December,Dec,12,4,2020,2
20201223,Wednesday,December,Dec,12,4,2020,2
20201224,Thursday,December,Dec,12,4,2020,2
20201225,Friday,December,Dec,12,4,2020,2
20201226,Saturday,December,Dec,12,4,2020,2
20201227,Sunday,December,Dec,12,4,2020,2
20201228,Monday,December,Dec,12,4,2020,2
20201229,Tuesday,December,Dec,12,4,2020,2
20201230,Wednesday,December,Dec,12,4,2020,2
20201231,Thursday,December,Dec,12,4,2020,2
20210101,Friday,January,Jan,1,1,2021,1
20210102,Saturday,January,Jan,1,1,2021,1
20210103,Sunday,January,Jan,1,1,2021,1
20210104,Monday,January,Jan,1,1,2021,1
20210105,Tuesday,January,Jan,1,1,2021,1
20210106,Wednesday,January,Jan,1,1,2021,1
20210107,Thursday,January,Jan,1,1,2021,1
20210108,Friday,January,Jan,1,1,2021,1
20210109,Saturday,January,Jan,1,1,2021,1
20210110,Sunday,January,Jan,1,1,2021,1
20210111,Monday,January,Jan,1,1,2021,1
20210112,Tuesday,January,Jan,1,1,2021,1
20210113,Wednesday,January,Jan,1,1,2021,1
20210114,Thursday,January,Jan,1,1,2021,1
20210115,Friday,January,Jan,1,1,2021,1
20210116,Saturday,January,Jan,1,1,2021,1
20210117,Sunday,January,Jan,1,1,2021,1
20210118,Monday,January,Jan,1,1,2021,1
20210119,Tuesday,January,Jan,1,1,2021,1
20210120,Wednesday,January,Jan,1,1,2021,1
20210121,Thursday,January,Jan,1,1,2021,1
20210122,Friday,January,Jan,1,1,2021,1
20210123,Saturday,January,Jan,1,1,2021,1
20210124,Sunday,January,Jan,1,1,2021,1
20210125,Monday,January,Jan,1,1,2021,1
20210126,Tuesday,January,Jan,1,1,2021,1
20210127,Wednesday,January,Jan,1,1,2021,1
20210128,Thursday,January,Jan,1,1,2021,1
20210129,Friday,January,Jan,1,1,2021,1
20210130,Saturday,January,Jan,1,1,2021,1
20210131,Sunday,January,Jan,1,1,2021,1
20210201,Monday,February,Feb,2,1,2021,1
20210202,Tuesday,February,Feb,2,1,2021,1
20210203,Wednesday,February,Feb,2,1,2021,1
20210204,Thursday,February,Feb,2,1,2021,1
20210205,Friday,February,Feb,2,1,2021,1
20210206,Saturday,February,Feb,2,1,2021,1
20210207,Sunday,February,Feb,2,1,2021,1
20210208,Monday,February,Feb,2,1,2021,1
20210209,Tuesday,February,Feb,2,1,2021,1
20210210,Wednesday,February,Feb,2,1,2021,1
20210211,Thursday,February,Feb,2,1,2021,1
20210212,Friday,February,Feb,2,1,2021,1
20210213,Saturday,February,Feb,2,1,2021,1
20210214,Sunday,February,Feb,2,1,2021,1
20210215,Monday,February,Feb,2,1,2021,1
20210216,Tuesday,February,Feb,2,1,2021,1
20210217,Wednesday,February,Feb,2,1,2021,1
20210218,Thursday,February,Feb,2,1,2021,1
20210219,Friday,February,Feb,2,1,2021,1
20210220,Saturday,February,Feb,2,1,2021,1
20210221,Sunday,February,Feb,2,1,2021,1
20210222,Monday,February,Feb,2,1,2021,1
20210223,Tuesday,February,Feb,2,1,2021,1
20210224,Wednesday,February,Feb,2,1,2021,1
20210225,Thursday,February,Feb,2,1,2021,1
20210226,Friday,February,Feb,2,1,2021,1
20210227,Saturday,February,Feb,2,1,2021,1
20210228,Sunday,February,Feb,2,1,2021,1
20210301,Monday,March,Mar,3,1,2021,1
20210302,Tuesday,March,Mar,3,1,2021,1
20210303,Wednesday,March,Mar,3,1,2021,1
20210304,Thursday,March,Mar,3,1,2021,1
20210305,Friday,March,Mar,3,1,2021,1
20210306,Saturday,March,Mar,3,1,2021,1
20210307,Sunday,March,Mar,3,1,2021,1
20210308,Monday,March,Mar,3,1,2021,1
20210309,Tuesday,March,Mar,3,1,2021,1
20210310,Wednesday,March,Mar,3,1,2021,1
20210311,Thursday,March,Mar,3,1,2021,1
20210312,Friday,March,Mar,3,1,2021,1
20210313,Saturday,March,Mar,3,1,2021,1
20210314,Sunday,March,Mar,3,1,2021,1
20210315,Monday,March,Mar,3,1,2021,1
20210316,Tuesday,March,Mar,3,1,2021,1
20210317,Wednesday,March,Mar,3,1,2021,1
20210318,Thursday,March,Mar,3,1,2021,1
20210319,Friday,March,Mar,3,1,2021,1
20210320,Saturday,March,Mar,3,1,2021,1
20210321,Sunday,March,Mar,3,1,2021,1
20210322,Monday,March,Mar,3,1,2021,1
20210323,Tuesday,March,Mar,3,1,2021,1
20210324,Wednesday,March,Mar,3,1,2021,1
20210325,Thursday,March,Mar,3,1,2021,1
20210326,Friday,March,Mar,3,1,2021,1
20210327,Saturday,March,Mar,3,1,2021,1
20210328,Sunday,March,Mar,3,1,2021,1
20210329,Monday,March,Mar,3,1,2021,1
20210330,Tuesday,March,Mar,3,1,2021,1
20210331,Wednesday,March,Mar,3,1,2021,1
20210401,Thursday,April,Apr,4,2,2021,1
20210402,Friday,April,Apr,4,2,2021,1
20210403,Saturday,April,Apr,4,2,2021,1
20210404,Sunday,April,Apr,4,2,2021,1
20210405,Monday,April,Apr,4,2,2021,1
20210406,Tuesday,April,Apr,4,2,2021,1
20210407,Wednesday,April,Apr,4,2,2021,1
20210408,Thursday,April,Apr,4,2,2021,1
20210409,Friday,April,Apr,4,2,2021,1
20210410,Saturday,April,Apr,4,2,2021,1
20210411,Sunday,April,Apr,4,2,2021,1
20210412,Monday,April,Apr,4,2,2021,1
20210413,Tuesday,April,Apr,4,2,2021,1
20210414,Wednesday,April,Apr,4,2,2021,1
20210415,Thursday,April,Apr,4,2,2021,1
20210416,Friday,April,Apr,4,2,2021,1
20210417,Saturday,April,Apr,4,2,2021,1
20210418,Sunday,April,Apr,4,2,2021,1
20210419,Monday,April,Apr,4,2,2021,1
20210420,Tuesday,April,Apr,4,2,2021,1
20210421,Wednesday,April,Apr,4,2,2021,1
20210422,Thursday,April,Apr,4,2,2021,1
20210423,Friday,April,Apr,4,2,2021,1
20210424,Saturday,April,Apr,4,2,2021,1
20210425,Sunday,April,Apr,4,2,2021,1
20210426,Monday,April,Apr,4,2,2021,1
20210427,Tuesday,April,Apr,4,2,2021,1
20210428,Wednesday,April,Apr,4,2,2021,1
20210429,Thursday,April,Apr,4,2,2021,1
20210430,Friday,April,Apr,4,2,2021,1
20210501,Saturday,May,May,5,2,2021,1
20210502,Sunday,May,May,5,2,2021,1
20210503,Monday,May,May,5,2,2021,1
20210504,Tuesday,May,May,5,2,2021,1
20210505,Wednesday,May,May,5,2,2021,1
20210506,Thursday,May,May,5,2,2021,1
20210507,Friday,May,May,5,2,2021,1
20210508,Saturday,May,May,5,2,2021,1
20210509,Sunday,May,May,5,2,2021,1
20210510,Monday,May,May,5,2,2021,1
20210511,Tuesday,May,May,5,2,2021,1
20210512,Wednesday,May,May,5,2,2021,1
20210513,Thursday,May,May,5,2,2021,1
20210514,Friday,May,May,5,2,2021,1
20210515,Saturday,May,May,5,2,2021,1
20210516,Sunday,May,May,5,2,2021,1
20210517,Monday,May,May,5,2,2021,1
20210518,Tuesday,May,May,5,2,2021,1
20210519,Wednesday,May,May,5,2,2021,1
20210520,Thursday,May,May,5,2,2021,1
20210521,Friday,May,May,5,2,2021,1
20210522,Saturday,May,May,5,2,2021,1
20210523,Sunday,May,May,5,2,2021,1
20210524,Monday,May,May,5,2,2021,1
20210525,Tuesday,May,May,5,2,2021,1
20210526,Wednesday,May,May,5,2,2021,1
20210527,Thursday,May,May,5,2,2021,1
20210528,Friday,May,May,5,2,2021,1
20210529,Saturday,May,May,5,2,2021,1
20210530,Sunday,May,May,5,2,2021,1
20210531,Monday,May,May,5,2,2021,1
20210601,Tuesday,June,Jun,6,2,2021,1
20210602,Wednesday,June,Jun,6,2,2021,1
20210603,Thursday,June,Jun,6,2,2021,1
20210604,Friday,June,Jun,6,2,2021,1
20210605,Saturday,June,Jun,6,2,2021,1
20210606,Sunday,June,Jun,6,2,2021,1
20210607,Monday,June,Jun,6,2,2021,1
20210608,Tuesday,June,Jun,6,2,2021,1
20210609,Wednesday,June,Jun,6,2,2021,1
20210610,Thursday,June,Jun,6,2,2021,1
20210611,Friday,June,Jun,6,2,2021,1
20210612,Saturday,June,Jun,6,2,2021,1
20210613,Sunday,June,Jun,6,2,2021,1
20210614,Monday,June,Jun,6,2,2021,1
20210615,Tuesday,June,Jun,6,2,2021,1
20210616,Wednesday,June,Jun,6,2,2021,1
20210617,Thursday,June,Jun,6,2,2021,1
20210618,Friday,June,Jun,6,2,2021,1
20210619,Saturday,June,Jun,6,2,2021,1
20210620,Sunday,June,Jun,6,2,2021,1
20210621,Monday,June,Jun,6,2,2021,1
20210622,Tuesday,June,Jun,6,2,2021,1
20210623,Wednesday,June,Jun,6,2,2021,1
20210624,Thursday,June,Jun,6,2,2021,1
20210625,Friday,June,Jun,6,2,2021,1
20210626,Saturday,June,Jun,6,2,2021,1
20210627,Sunday,June,Jun,6,2,2021,1
20210628,Monday,June,Jun,6,2,2021,1
20210629,Tuesday,June,Jun,6,2,2021,1
20210630,Wednesday,June,Jun,6,2,2021,1
20210701,Thursday,July,Jul,7,3,2021,2
20210702,Friday,July,Jul,7,3,2021,2
20210703,Saturday,July,Jul,7,3,2021,2
20210704,Sunday,July,Jul,7,3,2021,2
20210705,Monday,July,Jul,7,3,2021,2
20210706,Tuesday,July,Jul,7,3,2021,2
20210707,Wednesday,July,Jul,7,3,2021,2
20210708,Thursday,July,Jul,7,3,2021,2
20210709,Friday,July,Jul,7,3,2021,2
20210710,Saturday,July,Jul,7,3,2021,2
20210711,Sunday,July,Jul,7,3,2021,2
20210712,Monday,July,Jul,7,3,2021,2
20210713,Tuesday,July,Jul,7,3,2021,2
20210714,Wednesday,July,Jul,7,3,2021,2
20210715,Thursday,July,Jul,7,3,2021,2
20210716,Friday,July,Jul,7,3,2021,2
20210717,Saturday,July,Jul,7,3,2021,2
20210718,Sunday,July,Jul,7,3,2021,2
20210719,Monday,July,Jul,7,3,2021,2
20210720,Tuesday,July,Jul,7,3,2021,2
20210721,Wednesday,July,Jul,7,3,2021,2
20210722,Thursday,July,Jul,7,3,2021,2
20210723,Friday,July,Jul,7,3,2021,2
20210724,Saturday,July,Jul,7,3,2021,2
20210725,Sunday,July,Jul,7,3,2021,2
20210726,Monday,July,Jul,7,3,2021,2
20210727,Tuesday,July,Jul,7,3,2021,2
20210728,Wednesday,July,Jul,7,3,2021,2
20210729,Thursday,July,Jul,7,3,2021,2
20210730,Friday,July,Jul,7,3,2021,2
20210731,Saturday,July,Jul,7,3,2021,2
20210801,Sunday,August,Aug,8,3,2021,2
20210802,Monday,August,Aug,8,3,2021,2
20210803,Tuesday,August,Aug,8,3,2021,2
20210804,Wednesday,August,Aug,8,3,2021,2
20210805,Thursday,August,Aug,8,3,2021,2
20210806,Friday,August,Aug,8,3,2021,2
20210807,Saturday,August,Aug,8,3,2021,2
20210808,Sunday,August,Aug,8,3,2021,2
20210809,Monday,August,Aug,8,3,2021,2
20210810,Tuesday,August,Aug,8,3,2021,2
20210811,Wednesday,August,Aug,8,3,2021,2
20210812,Thursday,August,Aug,8,3,2021,2
20210813,Friday,August,Aug,8,3,2021,2
20210814,Saturday,August,Aug,8,3,2021,2
20210815,Sunday,August,Aug,8,3,2021,2
20210816,Monday,August,Aug,8,3,2021,2
20210817,Tuesday,August,Aug,8,3,2021,2
20210818,Wednesday,August,Aug,8,3,2021,2
20210819,Thursday,August,Aug,8,3,2021,2
20210820,Friday,August,Aug,8,3,2021,2
20210821,Saturday,August,Aug,8,3,2021,2
20210822,Sunday,August,Aug,8,3,2021,2
20210823,Monday,August,Aug,8,3,2021,2
20210824,Tuesday,August,Aug,8,3,2021,2
20210825,Wednesday,August,Aug,8,3,2021,2
20210826,Thursday,August,Aug,8,3,2021,2
20210827,Friday,August,Aug,8,3,2021,2
20210828,Saturday,August,Aug,8,3,2021,2
20210829,Sunday,August,Aug,8,3,2021,2
20210830,Monday,August,Aug,8,3,2021,2
20210831,Tuesday,August,Aug,8,3,2021,2
20210901,Wednesday,September,Sep,9,3,2021,2
20210902,Thursday,September,Sep,9,3,2021,2
20210903,Friday,September,Sep,9,3,2021,2
20210904,Saturday,September,Sep,9,3,2021,2
20210905,Sunday,September,Sep,9,3,2021,2
20210906,Monday,September,Sep,9,3,2021,2
20210907,Tuesday,September,Sep,9,3,2021,2
20210908,Wednesday,September,Sep,9,3,2021,2
20210909,Thursday,September,Sep,9,3,2021,2
20210910,Friday,September,Sep,9,3,2021,2
20210911,Saturday,September,Sep,9,3,2021,2
20210912,Sunday,September,Sep,9,3,2021,2
20210913,Monday,September,Sep,9,3,2021,2
20210914,Tuesday,September,Sep,9,3,2021,2
20210915,Wednesday,September,Sep,9,3,2021,2
20210916,Thursday,September,Sep,9,3,2021,2
20210917,Friday,September,Sep,9,3,2021,2
20210918,Saturday,September,Sep,9,3,2021,2
20210919,Sunday,September,Sep,9,3,2021,2
20210920,Monday,September,Sep,9,3,2021,2
20210921,Tuesday,September,Sep,9,3,2021,2
20210922,Wednesday,September,Sep,9,3,2021,2
20210923,Thursday,September,Sep,9,3,2021,2
20210924,Friday,September,Sep,9,3,2021,2
20210925,Saturday,September,Sep,9,3,2021,2
20210926,Sunday,September,Sep,9,3,2021,2
20210927,Monday,September,Sep,9,3,2021,2
20210928,Tuesday,September,Sep,9,3,2021,2
20210929,Wednesday,September,Sep,9,3,2021,2
20210930,Thursday,September,Sep,9,3,2021,2
20211001,Friday,October,Oct,10,4,2021,2
20211002,Saturday,October,Oct,10,4,2021,2
20211003,Sunday,October,Oct,10,4,2021,2
20211004,Monday,October,Oct,10,4,2021,2
20211005,Tuesday,October,Oct,10,4,2021,2
20211006,Wednesday,October,Oct,10,4,2021,2
20211007,Thursday,October,Oct,10,4,2021,2
20211008,Friday,October,Oct,10,4,2021,2
20211009,Saturday,October,Oct,10,4,2021,2
20211010,Sunday,October,Oct,10,4,2021,2
20211011,Monday,October,Oct,10,4,2021,2
20211012,Tuesday,October,Oct,10,4,2021,2
20211013,Wednesday,October,Oct,10,4,2021,2
20211014,Thursday,October,Oct,10,4,2021,2
20211015,Friday,October,Oct,10,4,2021,2
20211016,Saturday,October,Oct,10,4,2021,2
20211017,Sunday,October,Oct,10,4,2021,2
20211018,Monday,October,Oct,10,4,2021,2
20211019,Tuesday,October,Oct,10,4,2021,2
20211020,Wednesday,October,Oct,10,4,2021,2
20211021,Thursday,October,Oct,10,4,2021,2
20211022,Friday,October,Oct,10,4,2021,2
20211023,Saturday,October,Oct,10,4,2021,2
20211024,Sunday,October,Oct,10,4,2021,2
20211025,Monday,October,Oct,10,4,2021,2
20211026,Tuesday,October,Oct,10,4,2021,2
20211027,Wednesday,October,Oct,10,4,2021,2
20211028,Thursday,October,Oct,10,4,2021,2
20211029,Friday,October,Oct,10,4,2021,2
20211030,Saturday,October,Oct,10,4,2021,2
20211031,Sunday,October,Oct,10,4,2021,2
20211101,Monday,November,Nov,11,4,2021,2
20211102,Tuesday,November,Nov,11,4,2021,2
20211103,Wednesday,November,Nov,11,4,2021,2
20211104,Thursday,November,Nov,11,4,2021,2
20211105,Friday,November,Nov,11,4,2021,2
20211106,Saturday,November,Nov,11,4,2021,2
20211107,Sunday,November,Nov,11,4,2021,2
20211108,Monday,November,Nov,11,4,2021,2
20211109,Tuesday,November,Nov,11,4,2021,2
20211110,Wednesday,November,Nov,11,4,2021,2
20211111,Thursday,November,Nov,11,4,2021,2
20211112,Friday,November,Nov,11,4,2021,2
20211113,Saturday,November,Nov,11,4,2021,2
20211114,Sunday,November,Nov,11,4,2021,2
20211115,Monday,November,Nov,11,4,2021,2
20211116,Tuesday,November,Nov,11,4,2021,2
20211117,Wednesday,November,Nov,11,4,2021,2
20211118,Thursday,November,Nov,11,4,2021,2
20211119,Friday,November,Nov,11,4,2021,2
20211120,Saturday,November,Nov,11,4,2021,2
20211121,Sunday,November,Nov,11,4,2021,2
20211122,Monday,November,Nov,11,4,2021,2
20211123,Tuesday,November,Nov,11,4,2021,2
20211124,Wednesday,November,Nov,11,4,2021,2
20211125,Thursday,November,Nov,11,4,2021,2
20211126,Friday,November,Nov,11,4,2021,2
20211127,Saturday,November,Nov,11,4,2021,2
20211128,Sunday,November,Nov,11,4,2021,2
20211129,Monday,November,Nov,11,4,2021,2
20211130,Tuesday,November,Nov,11,4,2021,2
20211201,Wednesday,December,Dec,12,4,2021,2
20211202,Thursday,December,Dec,12,4,2021,2
20211203,Friday,December,Dec,12,4,2021,2
20211204,Saturday,December,Dec,12,4,2021,2
20211205,Sunday,December,Dec,12,4,2021,2
20211206,Monday,December,Dec,12,4,2021,2
20211207,Tuesday,December,Dec,12,4,2021,2
20211208,Wednesday,December,Dec,12,4,2021,2
20211209,Thursday,December,Dec,12,4,2021,2
20211210,Friday,December,Dec,12,4,2021,2
20211211,Saturday,December,Dec,12,4,2021,2
20211212,Sunday,December,Dec,12,4,2021,2
20211213,Monday,December,Dec,12,4,2021,2
20211214,Tuesday,December,Dec,12,4,2021,2
20211215,Wednesday,December,Dec,12,4,2021,2
20211216,Thursday,December,Dec,12,4,2021,2
20211217,Friday,December,Dec,12,4,2021,2
20211218,Saturday,December,Dec,12,4,2021,2
20211219,Sunday,December,Dec,12,4,2021,2
20211220,Monday,December,Dec,12,4,2021,2
20211221,Tuesday,December,Dec,12,4,2021,2
20211222,Wednesday,December,Dec,12,4,2021,2
20211223,Thursday,December,Dec,12,4,2021,2
20211224,Friday,December,Dec,12,4,2021,2
20211225,Saturday,December,Dec,12,4,2021,2
20211226,Sunday,December,Dec,12,4,2021,2
20211227,Monday,December,Dec,12,4,2021,2
20211228,Tuesday,December,Dec,12,4,2021,2
20211229,Wednesday,December,Dec,12,4,2021,2
20211230,Thursday,December,Dec,12,4,2021,2
20211231,Friday,December,Dec,12,4,2021,2
20220101,Saturday,January,Jan,1,1,2022,1
20220102,Sunday,January,Jan,1,1,2022,1
20220103,Monday,January,Jan,1,1,2022,1
20220104,Tuesday,January,Jan,1,1,2022,1
20220105,Wednesday,January,Jan,1,1,2022,1
20220106,Thursday,January,Jan,1,1,2022,1
20220107,Friday,January,Jan,1,1,2022,1
20220108,Saturday,January,Jan,1,1,2022,1
20220109,Sunday,January,Jan,1,1,2022,1
20220110,Monday,January,Jan,1,1,2022,1
20220111,Tuesday,January,Jan,1,1,2022,1
20220112,Wednesday,January,Jan,1,1,2022,1
20220113,Thursday,January,Jan,1,1,2022,1
20220114,Friday,January,Jan,1,1,2022,1
20220115,Saturday,January,Jan,1,1,2022,1
20220116,Sunday,January,Jan,1,1,2022,1
20220117,Monday,January,Jan,1,1,2022,1
20220118,Tuesday,January,Jan,1,1,2022,1
20220119,Wednesday,January,Jan,1,1,2022,1
20220120,Thursday,January,Jan,1,1,2022,1
20220121,Friday,January,Jan,1,1,2022,1
20220122,Saturday,January,Jan,1,1,2022,1
20220123,Sunday,January,Jan,1,1,2022,1
20220124,Monday,January,Jan,1,1,2022,1
20220125,Tuesday,January,Jan,1,1,2022,1
20220126,Wednesday,January,Jan,1,1,2022,1
20220127,Thursday,January,Jan,1,1,2022,1
20220128,Friday,January,Jan,1,1,2022,1
20220129,Saturday,January,Jan,1,1,2022,1
20220130,Sunday,January,Jan,1,1,2022,1
20220131,Monday,January,Jan,1,1,2022,1
20220201,Tuesday,February,Feb,2,1,2022,1
20220202,Wednesday,February,Feb,2,1,2022,1
20220203,Thursday,February,Feb,2,1,2022,1
20220204,Friday,February,Feb,2,1,2022,1
20220205,Saturday,February,Feb,2,1,2022,1
20220206,Sunday,February,Feb,2,1,2022,1
20220207,Monday,February,Feb,2,1,2022,1
20220208,Tuesday,February,Feb,2,1,2022,1
20220209,Wednesday,February,Feb,2,1,2022,1
20220210,Thursday,February,Feb,2,1,2022,1
20220211,Friday,February,Feb,2,1,2022,1
20220212,Saturday,February,Feb,2,1,2022,1
20220213,Sunday,February,Feb,2,1,2022,1
20220214,Monday,February,Feb,2,1,2022,1
20220215,Tuesday,February,Feb,2,1,2022,1
20220216,Wednesday,February,Feb,2,1,2022,1
20220217,Thursday,February,Feb,2,1,2022,1
20220218,Friday,February,Feb,2,1,2022,1
20220219,Saturday,February,Feb,2,1,2022,1
20220220,Sunday,February,Feb,2,1,2022,1
20220221,Monday,February,Feb,2,1,2022,1
20220222,Tuesday,February,Feb,2,1,2022,1
20220223,Wednesday,February,Feb,2,1,2022,1
20220224,Thursday,February,Feb,2,1,2022,1
20220225,Friday,February,Feb,2,1,2022,1
20220226,Saturday,February,Feb,2,1,2022,1
20220227,Sunday,February,Feb,2,1,2022,1
20220228,Monday,February,Feb,2,1,2022,1
20220301,Tuesday,March,Mar,3,1,2022,1
20220302,Wednesday,March,Mar,3,1,2022,1
20220303,Thursday,March,Mar,3,1,2022,1
20220304,Friday,March,Mar,3,1,2022,1
20220305,Saturday,March,Mar,3,1,2022,1
20220306,Sunday,March,Mar,3,1,2022,1
20220307,Monday,March,Mar,3,1,2022,1
20220308,Tuesday,March,Mar,3,1,2022,1
20220309,Wednesday,March,Mar,3,1,2022,1
20220310,Thursday,March,Mar,3,1,2022,1
20220311,Friday,March,Mar,3,1,2022,1
20220312,Saturday,March,Mar,3,1,2022,1
20220313,Sunday,March,Mar,3,1,2022,1
20220314,Monday,March,Mar,3,1,2022,1
20220315,Tuesday,March,Mar,3,1,2022,1
20220316,Wednesday,March,Mar,3,1,2022,1
20220317,Thursday,March,Mar,3,1,2022,1
20220318,Friday,March,Mar,3,1,2022,1
20220319,Saturday,March,Mar,3,1,2022,1
20220320,Sunday,March,Mar,3,1,2022,1
20220321,Monday,March,Mar,3,1,2022,1
20220322,Tuesday,March,Mar,3,1,2022,1
20220323,Wednesday,March,Mar,3,1,2022,1
20220324,Thursday,March,Mar,3,1,2022,1
20220325,Friday,March,Mar,3,1,2022,1
20220326,Saturday,March,Mar,3,1,2022,1
20220327,Sunday,March,Mar,3,1,2022,1
20220328,Monday,March,Mar,3,1,2022,1
20220329,Tuesday,March,Mar,3,1,2022,1
20220330,Wednesday,March,Mar,3,1,2022,1
20220331,Thursday,March,Mar,3,1,2022,1
20220401,Friday,April,Apr,4,2,2022,1
20220402,Saturday,April,Apr,4,2,2022,1
20220403,Sunday,April,Apr,4,2,2022,1
20220404,Monday,April,Apr,4,2,2022,1
20220405,Tuesday,April,Apr,4,2,2022,1
20220406,Wednesday,April,Apr,4,2,2022,1
20220407,Thursday,April,Apr,4,2,2022,1
20220408,Friday,April,Apr,4,2,2022,1
20220409,Saturday,April,Apr,4,2,2022,1
20220410,Sunday,April,Apr,4,2,2022,1
20220411,Monday,April,Apr,4,2,2022,1
20220412,Tuesday,April,Apr,4,2,2022,1
20220413,Wednesday,April,Apr,4,2,2022,1
20220414,Thursday,April,Apr,4,2,2022,1
20220415,Friday,April,Apr,4,2,2022,1
20220416,Saturday,April,Apr,4,2,2022,1
20220417,Sunday,April,Apr,4,2,2022,1
20220418,Monday,April,Apr,4,2,2022,1
20220419,Tuesday,April,Apr,4,2,2022,1
20220420,Wednesday,April,Apr,4,2,2022,1
20220421,Thursday,April,Apr,4,2,2022,1
20220422,Friday,April,Apr,4,2,2022,1
20220423,Saturday,April,Apr,4,2,2022,1
20220424,Sunday,April,Apr,4,2,2022,1
20220425,Monday,April,Apr,4,2,2022,1
20220426,Tuesday,April,Apr,4,2,2022,1
20220427,Wednesday,April,Apr,4,2,2022,1
20220428,Thursday,April,Apr,4,2,2022,1
20220429,Friday,April,Apr,4,2,2022,1
20220430,Saturday,April,Apr,4,2,2022,1
20220501,Sunday,May,May,5,2,2022,1
20220502,Monday,May,May,5,2,2022,1
20220503,Tuesday,May,May,5,2,2022,1
20220504,Wednesday,May,May,5,2,2022,1
20220505,Thursday,May,May,5,2,2022,1
20220506,Friday,May,May,5,2,2022,1
20220507,Saturday,May,May,5,2,2022,1
20220508,Sunday,May,May,5,2,2022,1
20220509,Monday,May,May,5,2,2022,1
20220510,Tuesday,May,May,5,2,2022,1
20220511,Wednesday,May,May,5,2,2022,1
20220512,Thursday,May,May,5,2,2022,1
20220513,Friday,May,May,5,2,2022,1
20220514,Saturday,May,May,5,2,2022,1
20220515,Sunday,May,May,5,2,2022,1
20220516,Monday,May,May,5,2,2022,1
20220517,Tuesday,May,May,5,2,2022,1
20220518,Wednesday,May,May,5,2,2022,1
20220519,Thursday,May,May,5,2,2022,1
20220520,Friday,May,May,5,2,2022,1
20220521,Saturday,May,May,5,2,2022,1
20220522,Sunday,May,May,5,2,2022,1
20220523,Monday,May,May,5,2,2022,1
20220524,Tuesday,May,May,5,2,2022,1
20220525,Wednesday,May,May,5,2,2022,1
20220526,Thursday,May,May,5,2,2022,1
20220527,Friday,May,May,5,2,2022,1
20220528,Saturday,May,May,5,2,2022,1
20220529,Sunday,May,May,5,2,2022,1
20220530,Monday,May,May,5,2,2022,1
20220531,Tuesday,May,May,5,2,2022,1
20220601,Wednesday,June,Jun,6,2,2022,1
20220602,Thursday,June,Jun,6,2,2022,1
20220603,Friday,June,Jun,6,2,2022,1
20220604,Saturday,June,Jun,6,2,2022,1
20220605,Sunday,June,Jun,6,2,2022,1
20220606,Monday,June,Jun,6,2,2022,1
20220607,Tuesday,June,Jun,6,2,2022,1
20220608,Wednesday,June,Jun,6,2,2022,1
20220609,Thursday,June,Jun,6,2,2022,1
20220610,Friday,June,Jun,6,2,2022,1
20220611,Saturday,June,Jun,6,2,2022,1
20220612,Sunday,June,Jun,6,2,2022,1
20220613,Monday,June,Jun,6,2,2022,1
20220614,Tuesday,June,Jun,6,2,2022,1
20220615,Wednesday,June,Jun,6,2,2022,1
20220616,Thursday,June,Jun,6,2,2022,1
20220617,Friday,June,Jun,6,2,2022,1
20220618,Saturday,June,Jun,6,2,2022,1
20220619,Sunday,June,Jun,6,2,2022,1
20220620,Monday,June,Jun,6,2,2022,1
20220621,Tuesday,June,Jun,6,2,2022,1
20220622,Wednesday,June,Jun,6,2,2022,1
20220623,Thursday,June,Jun,6,2,2022,1
20220624,Friday,June,Jun,6,2,2022,1
20220625,Saturday,June,Jun,6,2,2022,1
20220626,Sunday,June,Jun,6,2,2022,1
20220627,Monday,June,Jun,6,2,2022,1
20220628,Tuesday,June,Jun,6,2,2022,1
20220629,Wednesday,June,Jun,6,2,2022,1
20220630,Thursday,June,Jun,6,2,2022,1
20220701,Friday,July,Jul,7,3,2022,2
20220702,Saturday,July,Jul,7,3,2022,2
20220703,Sunday,July,Jul,7,3,2022,2
20220704,Monday,July,Jul,7,3,2022,2
20220705,Tuesday,July,Jul,7,3,2022,2
20220706,Wednesday,July,Jul,7,3,2022,2
20220707,Thursday,July,Jul,7,3,2022,2
20220708,Friday,July,Jul,7,3,2022,2
20220709,Saturday,July,Jul,7,3,2022,2
20220710,Sunday,July,Jul,7,3,2022,2
20220711,Monday,July,Jul,7,3,2022,2
20220712,Tuesday,July,Jul,7,3,2022,2
20220713,Wednesday,July,Jul,7,3,2022,2
20220714,Thursday,July,Jul,7,3,2022,2
20220715,Friday,July,Jul,7,3,2022,2
20220716,Saturday,July,Jul,7,3,2022,2
20220717,Sunday,July,Jul,7,3,2022,2
20220718,Monday,July,Jul,7,3,2022,2
20220719,Tuesday,July,Jul,7,3,2022,2
20220720,Wednesday,July,Jul,7,3,2022,2
20220721,Thursday,July,Jul,7,3,2022,2
20220722,Friday,July,Jul,7,3,2022,2
20220723,Saturday,July,Jul,7,3,2022,2
20220724,Sunday,July,Jul,7,3,2022,2
20220725,Monday,July,Jul,7,3,2022,2
20220726,Tuesday,July,Jul,7,3,2022,2
20220727,Wednesday,July,Jul,7,3,2022,2
20220728,Thursday,July,Jul,7,3,2022,2
20220729,Friday,July,Jul,7,3,2022,2
20220730,Saturday,July,Jul,7,3,2022,2
20220731,Sunday,July,Jul,7,3,2022,2
20220801,Monday,August,Aug,8,3,2022,2
20220802,Tuesday,August,Aug,8,3,2022,2
20220803,Wednesday,August,Aug,8,3,2022,2
20220804,Thursday,August,Aug,8,3,2022,2
20220805,Friday,August,Aug,8,3,2022,2
20220806,Saturday,August,Aug,8,3,2022,2
20220807,Sunday,August,Aug,8,3,2022,2
20220808,Monday,August,Aug,8,3,2022,2
20220809,Tuesday,August,Aug,8,3,2022,2
20220810,Wednesday,August,Aug,8,3,2022,2
20220811,Thursday,August,Aug,8,3,2022,2
20220812,Friday,August,Aug,8,3,2022,2
20220813,Saturday,August,Aug,8,3,2022,2
20220814,Sunday,August,Aug,8,3,2022,2
20220815,Monday,August,Aug,8,3,2022,2
20220816,Tuesday,August,Aug,8,3,2022,2
20220817,Wednesday,August,Aug,8,3,2022,2
20220818,Thursday,August,Aug,8,3,2022,2
20220819,Friday,August,Aug,8,3,2022,2
20220820,Saturday,August,Aug,8,3,2022,2
20220821,Sunday,August,Aug,8,3,2022,2
20220822,Monday,August,Aug,8,3,2022,2
20220823,Tuesday,August,Aug,8,3,2022,2
20220824,Wednesday,August,Aug,8,3,2022,2
20220825,Thursday,August,Aug,8,3,2022,2
20220826,Friday,August,Aug,8,3,2022,2
20220827,Saturday,August,Aug,8,3,2022,2
20220828,Sunday,August,Aug,8,3,2022,2
20220829,Monday,August,Aug,8,3,2022,2
20220830,Tuesday,August,Aug,8,3,2022,2
20220831,Wednesday,August,Aug,8,3,2022,2
20220901,Thursday,September,Sep,9,3,2022,2
20220902,Friday,September,Sep,9,3,2022,2
20220903,Saturday,September,Sep,9,3,2022,2
20220904,Sunday,September,Sep,9,3,2022,2
20220905,Monday,September,Sep,9,3,2022,2
20220906,Tuesday,September,Sep,9,3,2022,2
20220907,Wednesday,September,Sep,9,3,2022,2
20220908,Thursday,September,Sep,9,3,2022,2
20220909,Friday,September,Sep,9,3,2022,2
20220910,Saturday,September,Sep,9,3,2022,2
20220911,Sunday,September,Sep,9,3,2022,2
20220912,Monday,September,Sep,9,3,2022,2
20220913,Tuesday,September,Sep,9,3,2022,2
20220914,Wednesday,September,Sep,9,3,2022,2
20220915,Thursday,September,Sep,9,3,2022,2
20220916,Friday,September,Sep,9,3,2022,2
20220917,Saturday,September,Sep,9,3,2022,2
20220918,Sunday,September,Sep,9,3,2022,2
20220919,Monday,September,Sep,9,3,2022,2
20220920,Tuesday,September,Sep,9,3,2022,2
20220921,Wednesday,September,Sep,9,3,2022,2
20220922,Thursday,September,Sep,9,3,2022,2
20220923,Friday,September,Sep,9,3,2022,2
20220924,Saturday,September,Sep,9,3,2022,2
20220925,Sunday,September,Sep,9,3,2022,2
20220926,Monday,September,Sep,9,3,2022,2
20220927,Tuesday,September,Sep,9,3,2022,2
20220928,Wednesday,September,Sep,9,3,2022,2
20220929,Thursday,September,Sep,9,3,2022,2
20220930,Friday,September,Sep,9,3,2022,2
20221001,Saturday,October,Oct,10,4,2022,2
20221002,Sunday,October,Oct,10,4,2022,2
20221003,Monday,October,Oct,10,4,2022,2
20221004,Tuesday,October,Oct,10,4,2022,2
20221005,Wednesday,October,Oct,10,4,2022,2
20221006,Thursday,October,Oct,10,4,2022,2
20221007,Friday,October,Oct,10,4,2022,2
20221008,Saturday,October,Oct,10,4,2022,2
20221009,Sunday,October,Oct,10,4,2022,2
20221010,Monday,October,Oct,10,4,2022,2
20221011,Tuesday,October,Oct,10,4,2022,2
20221012,Wednesday,October,Oct,10,4,2022,2
20221013,Thursday,October,Oct,10,4,2022,2
20221014,Friday,October,Oct,10,4,2022,2
20221015,Saturday,October,Oct,10,4,2022,2
20221016,Sunday,October,Oct,10,4,2022,2
20221017,Monday,October,Oct,10,4,2022,2
20221018,Tuesday,October,Oct,10,4,2022,2
20221019,Wednesday,October,Oct,10,4,2022,2
20221020,Thursday,October,Oct,10,4,2022,2
20221021,Friday,October,Oct,10,4,2022,2
20221022,Saturday,October,Oct,10,4,2022,2
20221023,Sunday,October,Oct,10,4,2022,2
20221024,Monday,October,Oct,10,4,2022,2
20221025,Tuesday,October,Oct,10,4,2022,2
20221026,Wednesday,October,Oct,10,4,2022,2
20221027,Thursday,October,Oct,10,4,2022,2
20221028,Friday,October,Oct,10,4,2022,2
20221029,Saturday,October,Oct,10,4,2022,2
20221030,Sunday,October,Oct,10,4,2022,2
20221031,Monday,October,Oct,10,4,2022,2
20221101,Tuesday,November,Nov,11,4,2022,2
20221102,Wednesday,November,Nov,11,4,2022,2
20221103,Thursday,November,Nov,11,4,2022,2
20221104,Friday,November,Nov,11,4,2022,2
20221105,Saturday,November,Nov,11,4,2022,2
20221106,Sunday,November,Nov,11,4,2022,2
20221107,Monday,November,Nov,11,4,2022,2
20221108,Tuesday,November,Nov,11,4,2022,2
20221109,Wednesday,November,Nov,11,4,2022,2
20221110,Thursday,November,Nov,11,4,2022,2
20221111,Friday,November,Nov,11,4,2022,2
20221112,Saturday,November,Nov,11,4,2022,2
20221113,Sunday,November,Nov,11,4,2022,2
20221114,Monday,November,Nov,11,4,2022,2
20221115,Tuesday,November,Nov,11,4,2022,2
20221116,Wednesday,November,Nov,11,4,2022,2
20221117,Thursday,November,Nov,11,4,2022,2
20221118,Friday,November,Nov,11,4,2022,2
20221119,Saturday,November,Nov,11,4,2022,2
20221120,Sunday,November,Nov,11,4,2022,2
20221121,Monday,November,Nov,11,4,2022,2
20221122,Tuesday,November,Nov,11,4,2022,2
20221123,Wednesday,November,Nov,11,4,2022,2
20221124,Thursday,November,Nov,11,4,2022,2
20221125,Friday,November,Nov,11,4,2022,2
20221126,Saturday,November,Nov,11,4,2022,2
20221127,Sunday,November,Nov,11,4,2022,2
20221128,Monday,November,Nov,11,4,2022,2
20221129,Tuesday,November,Nov,11,4,2022,2
20221130,Wednesday,November,Nov,11,4,2022,2
20221201,Thursday,December,Dec,12,4,2022,2
20221202,Friday,December,Dec,12,4,2022,2
20221203,Saturday,December,Dec,12,4,2022,2
20221204,Sunday,December,Dec,12,4,2022,2
20221205,Monday,December,Dec,12,4,2022,2
20221206,Tuesday,December,Dec,12,4,2022,2
20221207,Wednesday,December,Dec,12,4,2022,2
20221208,Thursday,December,Dec,12,4,2022,2
20221209,Friday,December,Dec,12,4,2022,2
20221210,Saturday,December,Dec,12,4,2022,2
20221211,Sunday,December,Dec,12,4,2022,2
20221212,Monday,December,Dec,12,4,2022,2
20221213,Tuesday,December,Dec,12,4,2022,2
20221214,Wednesday,December,Dec,12,4,2022,2
20221215,Thursday,December,Dec,12,4,2022,2
20221216,Friday,December,Dec,12,4,2022,2
20221217,Saturday,December,Dec,12,4,2022,2
20221218,Sunday,December,Dec,12,4,2022,2
20221219,Monday,December,Dec,12,4,2022,2
20221220,Tuesday,December,Dec,12,4,2022,2
20221221,Wednesday,December,Dec,12,4,2022,2
20221222,Thursday,December,Dec,12,4,2022,2
20221223,Friday,December,Dec,12,4,2022,2
20221224,Saturday,December,Dec,12,4,2022,2
20221225,Sunday,December,Dec,12,4,2022,2
20221226,Monday,December,Dec,12,4,2022,2
20221227,Tuesday,December,Dec,12,4,2022,2
20221228,Wednesday,December,Dec,12,4,2022,2
20221229,Thursday,December,Dec,12,4,2022,2
20221230,Friday,December,Dec,12,4,2022,2
20221231,Saturday,December,Dec,12,4,2022,2
